Tool Name,Tool Page URL,Category,Category URL
Stack AI,https://www.insidr.ai/aff/stackai,Misc. AI Tools,https://www.insidr.ai/ai-tools/?tool-category=miscellaneous-ai-tools
Dante AI,https://www.insidr.ai/aff/danteai,Misc. AI Tools,https://www.insidr.ai/ai-tools/?tool-category=miscellaneous-ai-tools
Humata,https://www.insidr.ai/aff/humata,Misc. AI Tools,https://www.insidr.ai/ai-tools/?tool-category=miscellaneous-ai-tools
CustomGPT.ai,https://www.insidr.ai/aff/customgpt,Misc. AI Tools,https://www.insidr.ai/ai-tools/?tool-category=miscellaneous-ai-tools
Chatbase,https://www.insidr.ai/aff/chatbase,Misc. AI Tools,https://www.insidr.ai/ai-tools/?tool-category=miscellaneous-ai-tools
ChatWithPDF,https://www.insidr.ai/aff/chatwithpdf,Misc. AI Tools,https://www.insidr.ai/ai-tools/?tool-category=miscellaneous-ai-tools
WellMeRight,https://www.insidr.ai/aff/wellmeright,Misc. AI Tools,https://www.insidr.ai/ai-tools/?tool-category=miscellaneous-ai-tools
Deepgram’s Transcription Tool,https://deepgram.com/free-transcription,Misc. AI Tools,https://www.insidr.ai/ai-tools/?tool-category=miscellaneous-ai-tools
Deepgram’s AI Voice Generator,https://deepgram.com/ai-voice-generator,Misc. AI Tools,https://www.insidr.ai/ai-tools/?tool-category=miscellaneous-ai-tools
JOBSEARCH.COACH,https://www.insidr.ai/aff/jobsearch.coach,Misc. AI Tools,https://www.insidr.ai/ai-tools/?tool-category=miscellaneous-ai-tools
VedVaani,https://www.insidr.ai/aff/vedvaani,Misc. AI Tools,https://www.insidr.ai/ai-tools/?tool-category=miscellaneous-ai-tools
Chatbit,https://www.insidr.ai/aff/chatbit,Misc. AI Tools,https://www.insidr.ai/ai-tools/?tool-category=miscellaneous-ai-tools
AuraticAI,https://www.insidr.ai/aff/auraticai,Misc. AI Tools,https://www.insidr.ai/ai-tools/?tool-category=miscellaneous-ai-tools
Echofox,https://www.insidr.ai/aff/echofox,Misc. AI Tools,https://www.insidr.ai/ai-tools/?tool-category=miscellaneous-ai-tools
Coconaut,https://www.insidr.ai/aff/coconaut,Misc. AI Tools,https://www.insidr.ai/ai-tools/?tool-category=miscellaneous-ai-tools
Heygen,https://www.insidr.ai/aff/heygen,AI Art Generators,https://www.insidr.ai/ai-tools/?tool-category=ai-art-generators
Synthesia,https://www.insidr.ai/aff/synthesia,AI Art Generators,https://www.insidr.ai/ai-tools/?tool-category=ai-art-generators
Looka,https://www.insidr.ai/aff/looka,AI Art Generators,https://www.insidr.ai/ai-tools/?tool-category=ai-art-generators
Vondy,https://www.insidr.ai/aff/vondy,AI Art Generators,https://www.insidr.ai/ai-tools/?tool-category=ai-art-generators
Midjourney,https://www.insidr.ai/aff/midjourney,AI Art Generators,https://www.insidr.ai/ai-tools/?tool-category=ai-art-generators
Wallpea,https://www.insidr.ai/aff/wallpea,AI Art Generators,https://www.insidr.ai/ai-tools/?tool-category=ai-art-generators
Imagine AI,https://www.insidr.ai/aff/imagine,AI Art Generators,https://www.insidr.ai/ai-tools/?tool-category=ai-art-generators
Getimg.ai,https://www.insidr.ai/aff/getimg,AI Art Generators,https://www.insidr.ai/ai-tools/?tool-category=ai-art-generators
Jasper.ai,https://www.insidr.ai/aff/jasper,AI Text generators,https://www.insidr.ai/ai-tools/?tool-category=ai-text-generators
Surfer,https://www.insidr.ai/aff/surfer,AI Text generators,https://www.insidr.ai/ai-tools/?tool-category=ai-text-generators
Copy.ai,https://www.insidr.ai/aff/copyai,AI Text generators,https://www.insidr.ai/ai-tools/?tool-category=ai-text-generators
Writesonic,https://www.insidr.ai/aff/writesonic,AI Text generators,https://www.insidr.ai/ai-tools/?tool-category=ai-text-generators
AdCreative,https://www.insidr.ai/aff/adcreative,AI Text generators,https://www.insidr.ai/ai-tools/?tool-category=ai-text-generators
Tugan,https://www.insidr.ai/aff/tugan,AI Text generators,https://www.insidr.ai/ai-tools/?tool-category=ai-text-generators
JOBSEARCH.COACH,https://www.insidr.ai/aff/jobsearch.coach,AI Text generators,https://www.insidr.ai/ai-tools/?tool-category=ai-text-generators
WordTune,https://www.insidr.ai/aff/wordtune,AI Text generators,https://www.insidr.ai/ai-tools/?tool-category=ai-text-generators
SpinBot,https://www.insidr.ai/aff/SpinBot,AI Text generators,https://www.insidr.ai/ai-tools/?tool-category=ai-text-generators
Prepostseo,https://www.insidr.ai/aff/Prepostseo,AI Text generators,https://www.insidr.ai/ai-tools/?tool-category=ai-text-generators
Cramly.ai,https://www.insidr.ai/aff/Cramly,AI Text generators,https://www.insidr.ai/ai-tools/?tool-category=ai-text-generators
Paraphraser.io,https://www.insidr.ai/aff/paraphraserio,AI Text generators,https://www.insidr.ai/ai-tools/?tool-category=ai-text-generators
HIX.AI,https://www.insidr.ai/aff/hixai,AI Text generators,https://www.insidr.ai/ai-tools/?tool-category=ai-text-generators
Semrush’s Summarizing Tool,https://www.insidr.ai/aff/semrush-ai-summarizer,AI Text generators,https://www.insidr.ai/ai-tools/?tool-category=ai-text-generators
Scribbr,https://www.insidr.ai/aff/scribbr,AI Text generators,https://www.insidr.ai/ai-tools/?tool-category=ai-text-generators
beehiiv,https://www.insidr.ai/aff/beehiiv,AI Resources,https://www.insidr.ai/ai-tools/?tool-category=ai-resources
interview.study,https://www.interview.study/join/insidrai,AI Resources,https://www.insidr.ai/ai-tools/?tool-category=ai-resources
Coursebox,https://www.insidr.ai/aff/coursebox,AI Resources,https://www.insidr.ai/ai-tools/?tool-category=ai-resources
EnterpriseDNA,https://www.insidr.ai/aff/enterprisedna,AI Resources,https://www.insidr.ai/ai-tools/?tool-category=ai-resources
Midjourney Prompt Helper,https://www.insidr.ai/aff/midjourneyprompthelper,AI Resources,https://www.insidr.ai/ai-tools/?tool-category=ai-resources
Nando AI,https://www.insidr.ai/aff/nando,AI Resources,https://www.insidr.ai/ai-tools/?tool-category=ai-resources
AdCreative,https://www.insidr.ai/aff/adcreative,AI Image Generators,https://www.insidr.ai/ai-tools/?tool-category=ai-image-generators
Jasper.ai,https://www.insidr.ai/aff/jasper,AI Image Generators,https://www.insidr.ai/ai-tools/?tool-category=ai-image-generators
Getimg.ai,https://www.insidr.ai/aff/getimg,AI Image Generators,https://www.insidr.ai/ai-tools/?tool-category=ai-image-generators
Magic Studio,https://www.insidr.ai/aff/magicstudio,AI Image Generators,https://www.insidr.ai/ai-tools/?tool-category=ai-image-generators
Imagine AI,https://www.insidr.ai/aff/imagine,AI Image Generators,https://www.insidr.ai/ai-tools/?tool-category=ai-image-generators
Appy Pie AI Image Generator,https://www.appypie.com/design/ai-image-generator,AI Image Generators,https://www.insidr.ai/ai-tools/?tool-category=ai-image-generators
Image-Gen,https://www.insidr.ai/aff/image-gen,AI Image Generators,https://www.insidr.ai/ai-tools/?tool-category=ai-image-generators
Wallpea,https://www.insidr.ai/aff/wallpea,AI Image Generators,https://www.insidr.ai/ai-tools/?tool-category=ai-image-generators
PIXLR,https://www.insidr.ai/aff/pixlr,AI Image Generators,https://www.insidr.ai/ai-tools/?tool-category=ai-image-generators
Runway,https://www.insidr.ai/aff/runway,AI Image Generators,https://www.insidr.ai/ai-tools/?tool-category=ai-image-generators
Shutterstock AI Image Generator,https://www.insidr.ai/aff/shutterstock-text-to-image,AI Image Generators,https://www.insidr.ai/ai-tools/?tool-category=ai-image-generators
NightCafe Creator,https://www.insidr.ai/aff/NightCafe,AI Image Generators,https://www.insidr.ai/ai-tools/?tool-category=ai-image-generators
AuraticAI,https://www.insidr.ai/aff/auraticai,AI Image Generators,https://www.insidr.ai/ai-tools/?tool-category=ai-image-generators
Freepik,https://www.freepik.com/ai/image-generator,AI Image Generators,https://www.insidr.ai/ai-tools/?tool-category=ai-image-generators
Sofabrain,https://www.insidr.ai/aff/sofabrain,AI Image Generators,https://www.insidr.ai/ai-tools/?tool-category=ai-image-generators
AdCreative,https://www.insidr.ai/aff/adcreative,AI For Business,https://www.insidr.ai/ai-tools/?tool-category=ai-for-business
10web,https://www.insidr.ai/aff/10web,AI For Business,https://www.insidr.ai/ai-tools/?tool-category=ai-for-business
Tugan,https://www.insidr.ai/aff/tugan,AI For Business,https://www.insidr.ai/ai-tools/?tool-category=ai-for-business
IdeaBuddy,https://www.insidr.ai/aff/Ideabuddy,AI For Business,https://www.insidr.ai/ai-tools/?tool-category=ai-for-business
Taskade,https://www.insidr.ai/aff/taskade,AI For Business,https://www.insidr.ai/ai-tools/?tool-category=ai-for-business
Surfer,https://www.insidr.ai/aff/surfer,AI For Business,https://www.insidr.ai/ai-tools/?tool-category=ai-for-business
Crayo,https://www.insidr.ai/aff/crayo,AI For Business,https://www.insidr.ai/ai-tools/?tool-category=ai-for-business
Jasper.ai,https://www.insidr.ai/aff/jasper,AI For Business,https://www.insidr.ai/ai-tools/?tool-category=ai-for-business
Creatify,https://www.insidr.ai/aff/creatify,AI For Business,https://www.insidr.ai/ai-tools/?tool-category=ai-for-business
Notion AI,https://www.insidr.ai/aff/notion,AI For Business,https://www.insidr.ai/ai-tools/?tool-category=ai-for-business
Leap,https://www.insidr.ai/aff/leap,AI For Business,https://www.insidr.ai/ai-tools/?tool-category=ai-for-business
AdsDog,https://www.insidr.ai/aff/adsdog,AI For Business,https://www.insidr.ai/ai-tools/?tool-category=ai-for-business
thoughtly,https://www.insidr.ai/aff/thoughtly,AI For Business,https://www.insidr.ai/ai-tools/?tool-category=ai-for-business
Sitekick,https://www.insidr.ai/aff/sitekick,AI For Business,https://www.insidr.ai/ai-tools/?tool-category=ai-for-business
TaxGPT,https://www.taxgpt.com/?utm_source=insidrai,AI For Business,https://www.insidr.ai/ai-tools/?tool-category=ai-for-business
WellSaid,https://www.insidr.ai/aff/wellsaidlabs,AI Audio Generators,https://www.insidr.ai/ai-tools/?tool-category=ai-audio-generators
Lovo AI,https://www.insidr.ai/aff/lovo,AI Audio Generators,https://www.insidr.ai/ai-tools/?tool-category=ai-audio-generators
PlayHT,https://www.insidr.ai/aff/playht,AI Audio Generators,https://www.insidr.ai/ai-tools/?tool-category=ai-audio-generators
ElevenLabs,https://www.insidr.ai/aff/elevenlabs,AI Audio Generators,https://www.insidr.ai/ai-tools/?tool-category=ai-audio-generators
Fliki,https://www.insidr.ai/aff/fliki,AI Audio Generators,https://www.insidr.ai/ai-tools/?tool-category=ai-audio-generators
VEED,https://www.insidr.ai/aff/veed,AI Audio Generators,https://www.insidr.ai/ai-tools/?tool-category=ai-audio-generators
Deepgram’s Transcription Tool,https://deepgram.com/free-transcription,AI Audio Generators,https://www.insidr.ai/ai-tools/?tool-category=ai-audio-generators
Deepgram’s AI Voice Generator,https://deepgram.com/ai-voice-generator,AI Audio Generators,https://www.insidr.ai/ai-tools/?tool-category=ai-audio-generators
AVClabs,https://www.insidr.ai/aff/avclabs,AI Audio Generators,https://www.insidr.ai/ai-tools/?tool-category=ai-audio-generators
Voicestars,https://www.insidr.ai/aff/voicestars,AI Audio Generators,https://www.insidr.ai/ai-tools/?tool-category=ai-audio-generators
Speechify,https://www.insidr.ai/aff/speechify,AI Audio Generators,https://www.insidr.ai/ai-tools/?tool-category=ai-audio-generators
ChopShop,https://www.insidr.ai/aff/chopshopai,AI Audio Generators,https://www.insidr.ai/ai-tools/?tool-category=ai-audio-generators
Altered,https://www.insidr.ai/aff/altered,AI Audio Generators,https://www.insidr.ai/ai-tools/?tool-category=ai-audio-generators
Murf,https://www.insidr.ai/aff/murf,AI Audio Generators,https://www.insidr.ai/ai-tools/?tool-category=ai-audio-generators
AudioNotes.ai,https://www.insidr.ai/aff/audionotes,AI Audio Generators,https://www.insidr.ai/ai-tools/?tool-category=ai-audio-generators
enso,https://www.insidr.ai/aff/enso,AI Automation Tools,https://www.insidr.ai/ai-tools/?tool-category=ai-automation-tools
Make,https://www.insidr.ai/aff/make,AI Automation Tools,https://www.insidr.ai/ai-tools/?tool-category=ai-automation-tools
Taskade,https://www.insidr.ai/aff/taskade,AI Automation Tools,https://www.insidr.ai/ai-tools/?tool-category=ai-automation-tools
Leap,https://www.insidr.ai/aff/leap,AI Automation Tools,https://www.insidr.ai/ai-tools/?tool-category=ai-automation-tools
Browse AI,https://www.insidr.ai/aff/browseai,AI Automation Tools,https://www.insidr.ai/ai-tools/?tool-category=ai-automation-tools
Dante AI,https://www.insidr.ai/aff/danteai,AI Automation Tools,https://www.insidr.ai/ai-tools/?tool-category=ai-automation-tools
Stammer.ai,https://www.insidr.ai/aff/stammerai,AI Automation Tools,https://www.insidr.ai/ai-tools/?tool-category=ai-automation-tools
Notion AI,https://www.insidr.ai/aff/notion,AI Automation Tools,https://www.insidr.ai/ai-tools/?tool-category=ai-automation-tools
thoughtly,https://www.insidr.ai/aff/thoughtly,AI Automation Tools,https://www.insidr.ai/ai-tools/?tool-category=ai-automation-tools
Video Maker by invideo AI,https://www.insidr.ai/aff/invideogpt,AI Automation Tools,https://www.insidr.ai/ai-tools/?tool-category=ai-automation-tools
Canva,https://www.insidr.ai/aff/canvagpt,AI Automation Tools,https://www.insidr.ai/ai-tools/?tool-category=ai-automation-tools
Consensus,https://www.insidr.ai/aff/consensus,AI Automation Tools,https://www.insidr.ai/ai-tools/?tool-category=ai-automation-tools
PDF Ai PDF,https://www.insidr.ai/aff/pdfaigpt,AI Automation Tools,https://www.insidr.ai/ai-tools/?tool-category=ai-automation-tools
Healthy Chef,https://www.insidr.ai/aff/healthychef,AI Automation Tools,https://www.insidr.ai/ai-tools/?tool-category=ai-automation-tools
Sous Chef,https://www.insidr.ai/aff/souschef,AI Automation Tools,https://www.insidr.ai/ai-tools/?tool-category=ai-automation-tools
Bubble,https://www.insidr.ai/aff/bubble,AI Developer Tools,https://www.insidr.ai/ai-tools/?tool-category=ai-developer-tools
Flatlogic,https://www.insidr.ai/aff/flatlogic,AI Developer Tools,https://www.insidr.ai/ai-tools/?tool-category=ai-developer-tools
Flowpoint,https://www.insidr.ai/aff/flowpoint,AI Developer Tools,https://www.insidr.ai/ai-tools/?tool-category=ai-developer-tools
Dante AI,https://www.insidr.ai/aff/danteai,AI Developer Tools,https://www.insidr.ai/ai-tools/?tool-category=ai-developer-tools
Stack AI,https://www.insidr.ai/aff/stackai,AI Developer Tools,https://www.insidr.ai/ai-tools/?tool-category=ai-developer-tools
Must AI,https://www.insidr.ai/aff/mustai,AI Developer Tools,https://www.insidr.ai/ai-tools/?tool-category=ai-developer-tools
CSVIBES,https://www.insidr.ai/aff/csvibes,AI Developer Tools,https://www.insidr.ai/ai-tools/?tool-category=ai-developer-tools
Vondy,https://www.insidr.ai/aff/vondy,AI Developer Tools,https://www.insidr.ai/ai-tools/?tool-category=ai-developer-tools
Stable Diffusion,https://www.insidr.ai/aff/stablediffusion,AI Developer Tools,https://www.insidr.ai/ai-tools/?tool-category=ai-developer-tools
Codeium,https://www.insidr.ai/aff/codeium,AI Developer Tools,https://www.insidr.ai/ai-tools/?tool-category=ai-developer-tools
Tinq.ai,https://www.insidr.ai/aff/tinq,AI Developer Tools,https://www.insidr.ai/ai-tools/?tool-category=ai-developer-tools
Vwo,https://www.insidr.ai/aff/vwo,AI Developer Tools,https://www.insidr.ai/ai-tools/?tool-category=ai-developer-tools
Parsio,https://www.insidr.ai/aff/parsio,AI Developer Tools,https://www.insidr.ai/ai-tools/?tool-category=ai-developer-tools
Browse AI,https://www.insidr.ai/aff/browseai,AI Developer Tools,https://www.insidr.ai/ai-tools/?tool-category=ai-developer-tools
AdsDog,https://www.insidr.ai/aff/adsdog,AI Video Tools,https://www.insidr.ai/ai-tools/?tool-category=video
Heygen,https://www.insidr.ai/aff/heygen,AI Video Tools,https://www.insidr.ai/ai-tools/?tool-category=video
Fliki,https://www.insidr.ai/aff/fliki,AI Video Tools,https://www.insidr.ai/ai-tools/?tool-category=video
Submagic,https://www.insidr.ai/aff/submagic,AI Video Tools,https://www.insidr.ai/ai-tools/?tool-category=video
Opus Clip,https://www.insidr.ai/aff/opuspro,AI Video Tools,https://www.insidr.ai/ai-tools/?tool-category=video
Crayo,https://www.insidr.ai/aff/crayo,AI Video Tools,https://www.insidr.ai/ai-tools/?tool-category=video
VEED,https://www.insidr.ai/aff/veed,AI Video Tools,https://www.insidr.ai/ai-tools/?tool-category=video
Creatify,https://www.insidr.ai/aff/creatify,AI Video Tools,https://www.insidr.ai/ai-tools/?tool-category=video
Media.io,https://www.insidr.ai/aff/mediaio,AI Video Tools,https://www.insidr.ai/ai-tools/?tool-category=video
veeroll,https://www.insidr.ai/aff/veeroll,AI Video Tools,https://www.insidr.ai/ai-tools/?tool-category=video
DubVid,https://www.insidr.ai/aff/dubvid,AI Video Tools,https://www.insidr.ai/ai-tools/?tool-category=video
AuraticAI,https://www.insidr.ai/aff/auraticai,AI Video Tools,https://www.insidr.ai/ai-tools/?tool-category=video
InVideo,https://www.insidr.ai/aff/InVideo,AI Video Tools,https://www.insidr.ai/ai-tools/?tool-category=video
Kapwing,https://www.insidr.ai/aff/kapwing,AI Video Tools,https://www.insidr.ai/ai-tools/?tool-category=video
VideoProc Converter AI,https://www.insidr.ai/aff/videoproc,AI Video Tools,https://www.insidr.ai/ai-tools/?tool-category=video
enso,https://www.insidr.ai/aff/enso,AI Productivity Tools,https://www.insidr.ai/ai-tools/?tool-category=ai-productivity-tools
AdCreative,https://www.insidr.ai/aff/adcreative,AI Productivity Tools,https://www.insidr.ai/ai-tools/?tool-category=ai-productivity-tools
Jasper.ai,https://www.insidr.ai/aff/jasper,AI Productivity Tools,https://www.insidr.ai/ai-tools/?tool-category=ai-productivity-tools
Taskade,https://www.insidr.ai/aff/taskade,AI Productivity Tools,https://www.insidr.ai/ai-tools/?tool-category=ai-productivity-tools
Notion AI,https://www.insidr.ai/aff/notion,AI Productivity Tools,https://www.insidr.ai/ai-tools/?tool-category=ai-productivity-tools
Tugan,https://www.insidr.ai/aff/tugan,AI Productivity Tools,https://www.insidr.ai/ai-tools/?tool-category=ai-productivity-tools
BeforesunsetAI,https://www.insidr.ai/aff/beforesunsetai,AI Productivity Tools,https://www.insidr.ai/ai-tools/?tool-category=ai-productivity-tools
Formula Bot,https://www.insidr.ai/aff/formulabot,AI Productivity Tools,https://www.insidr.ai/ai-tools/?tool-category=ai-productivity-tools
FormulasHQ,https://www.insidr.ai/aff/formulashq,AI Productivity Tools,https://www.insidr.ai/ai-tools/?tool-category=ai-productivity-tools
GPT Excel,https://www.insidr.ai/aff/gptexcel,AI Productivity Tools,https://www.insidr.ai/ai-tools/?tool-category=ai-productivity-tools
Numerous.ai,https://www.insidr.ai/aff/numerousai,AI Productivity Tools,https://www.insidr.ai/ai-tools/?tool-category=ai-productivity-tools
Gigasheet,https://www.insidr.ai/aff/gigasheet,AI Productivity Tools,https://www.insidr.ai/ai-tools/?tool-category=ai-productivity-tools
Arcwise,https://www.insidr.ai/aff/arcwise,AI Productivity Tools,https://www.insidr.ai/ai-tools/?tool-category=ai-productivity-tools
Clara,https://www.insidr.ai/aff/clara,AI Productivity Tools,https://www.insidr.ai/ai-tools/?tool-category=ai-productivity-tools
SIRI,https://www.insidr.ai/aff/siri,AI Productivity Tools,https://www.insidr.ai/ai-tools/?tool-category=ai-productivity-tools
